id,first_name,last_name,email,gender,ip_address
1,Blaine,Sisselot,bsisselot0@bbb.org,Male,134.148.150.180
2,Bunnie,Skirven,bskirven1@php.net,Genderfluid,190.95.222.145
3,Gui,Cheers,gcheers2@opera.com,Male,186.130.255.224
4,Essy,Fraulo,efraulo3@psu.edu,Agender,132.14.32.165
5,Lonny,McKellar,lmckellar4@issuu.com,Female,203.232.251.65
6,Paola,Bradnum,pbradnum5@cmu.edu,Female,180.141.101.212
7,Maddalena,Brevitt,mbrevitt6@howstuffworks.com,Polygender,97.135.159.125
8,Maressa,Custy,mcusty7@vimeo.com,Genderfluid,255.91.141.176
9,Kahlil,Aimer,kaimer8@reverbnation.com,Non-binary,106.188.132.119
10,Curtis,Petruska,cpetruska9@mlb.com,Bigender,138.238.110.79
